text,label,source,context
Refactor this handler so it retries on a 429 with exponential backoff,IMPORTANT,synthetic,
the build passes locally but fails on the CI runner with exit code 137,IMPORTANT,synthetic,
we are still on Node 16 so no top level await please,IMPORTANT,synthetic,
"show me the diff only, I will apply it myself",IMPORTANT,synthetic,
Why does my goroutine leak when the context is cancelled,IMPORTANT,synthetic,
convert this callback chain into async await,IMPORTANT,synthetic,
it needs to work on both arm64 and x86 macs,IMPORTANT,synthetic,
explain what a segfault at 0x0 usually means,IMPORTANT,synthetic,
pls write a regex that matches indian mobile numbers with or without +91,IMPORTANT,synthetic,
"my docker image is 1.2 gb, help me get it under 300 mb",IMPORTANT,synthetic,
Give me the rollback steps if the migration fails halfway,IMPORTANT,synthetic,
"I cannot install anything, the box has no internet",IMPORTANT,synthetic,
rewrite the loop so it does not allocate inside the hot path,IMPORTANT,synthetic,
what is the difference between a mutex and a semaphore,IMPORTANT,synthetic,
"the function must stay pure, no logging inside it",IMPORTANT,synthetic,
Trace through this recursion and tell me where the base case is wrong,IMPORTANT,synthetic,
our linter forbids default exports so use named ones,IMPORTANT,synthetic,
write the unit test first then the implementation,IMPORTANT,synthetic,
how do i cherry pick a commit that touches a deleted file,IMPORTANT,synthetic,
"the api response nests errors three levels deep, flatten it",IMPORTANT,synthetic,
Compare grpc and rest for a service that streams sensor readings,IMPORTANT,synthetic,
i need this in typescript not javascript,IMPORTANT,synthetic,
kindly explain why my websocket disconnects after exactly sixty seconds,IMPORTANT,synthetic,
assume the reader has never used git before,IMPORTANT,synthetic,
the table already has four million rows so the migration has to be online,IMPORTANT,synthetic,
"stub the network layer, do not hit the real endpoint",IMPORTANT,synthetic,
Walk me through what happens between typing a url and the page painting,IMPORTANT,synthetic,
my unit tests pass individually but fail when run together,IMPORTANT,synthetic,
"keep the public api exactly as it is, change only the internals",IMPORTANT,synthetic,
explain memory ordering in c++ atomics without using the word fence,IMPORTANT,synthetic,
this runs on a raspberry pi zero so keep it light,IMPORTANT,synthetic,
"give me a single command, not a shell script",IMPORTANT,synthetic,
hey there hope the code gods are treating you well today,FILLER,synthetic,
been staring at this screen since eight in the morning,FILLER,synthetic,
my manager is breathing down my neck about this one,FILLER,synthetic,
sorry for the wall of text below,FILLER,synthetic,
I usually figure these things out on my own but not today,FILLER,synthetic,
our standup is in twenty minutes wish me luck,FILLER,synthetic,
the coffee machine in the office broke again,FILLER,synthetic,
anyway enough about me,FILLER,synthetic,
you have been a lifesaver on my last three questions,FILLER,synthetic,
I am typing this on my phone so excuse the formatting,FILLER,synthetic,
this codebase was written by someone who left the company years ago,FILLER,synthetic,
not gonna lie i am a bit lost here,FILLER,synthetic,
cheers mate appreciate the help in advance,FILLER,synthetic,
my cat just walked across the keyboard,FILLER,synthetic,
I googled for two hours before coming here,FILLER,synthetic,
ok so here is the situation,FILLER,synthetic,
we inherited this microservice from the platform team,FILLER,synthetic,
honestly stackoverflow was no help at all,FILLER,synthetic,
let me know if any of this makes sense,FILLER,synthetic,
I hope I am not bothering you with such a basic thing,FILLER,synthetic,
the whole team is out sick this week,FILLER,synthetic,
"thanks a ton, you are the best",FILLER,synthetic,
i swear this worked yesterday,FILLER,synthetic,
"Good evening, trust you are doing well",FILLER,synthetic,
fingers crossed this is something silly,FILLER,synthetic,
I will probably regret asking this,FILLER,synthetic,
my laptop fan sounds like a jet engine right now,FILLER,synthetic,
kindly do the needful and revert at your earliest,FILLER,synthetic,
bear with me while i paste the logs,FILLER,synthetic,
we had a release party last night so my head hurts,FILLER,synthetic,
that is pretty much the whole story,FILLER,synthetic,
"signing off for now, talk later",FILLER,synthetic,
I was wondering whether it might be possible for you to perhaps,REDUNDANT,synthetic,
in the event that it should happen to occur,REDUNDANT,synthetic,
it goes without saying that obviously,REDUNDANT,synthetic,
a brand new fresh implementation from scratch anew,REDUNDANT,synthetic,
with regard to the matter concerning the topic of,REDUNDANT,synthetic,
please be advised that you should note that,REDUNDANT,synthetic,
in my own personal experience that I have had,REDUNDANT,synthetic,
at the present moment in time currently,REDUNDANT,synthetic,
the reason why is because of the fact that,REDUNDANT,synthetic,
kindly be so kind as to graciously,REDUNDANT,synthetic,
combine and merge them together into one single unit,REDUNDANT,synthetic,
it is absolutely essential and totally necessary,REDUNDANT,synthetic,
in order for it to be able to properly function correctly,REDUNDANT,synthetic,
I just wanted to quickly reach out and touch base,REDUNDANT,synthetic,
whether or not it may or may not be the case,REDUNDANT,synthetic,
going forward from this point onwards in future,REDUNDANT,synthetic,
a general overall broad summary of everything in general,REDUNDANT,synthetic,
if you could possibly maybe see your way to helping,REDUNDANT,synthetic,
totally and completely finished and done with,REDUNDANT,synthetic,
due to the fact that owing to the circumstance,REDUNDANT,synthetic,
I would like to take this opportunity to say,REDUNDANT,synthetic,
advance planning ahead of time beforehand,REDUNDANT,synthetic,
as a matter of fact actually in reality,REDUNDANT,synthetic,
the honest truth of the matter truthfully,REDUNDANT,synthetic,
sum up and total everything all together,REDUNDANT,synthetic,
in a manner of speaking so to speak as it were,REDUNDANT,synthetic,
you might perhaps possibly want to consider thinking about,REDUNDANT,synthetic,
first and foremost before anything else initially,REDUNDANT,synthetic,
close down and shut it off completely to a halt,REDUNDANT,synthetic,
on the subject of the topic under discussion here,REDUNDANT,synthetic,
basically what I am essentially trying to say is,REDUNDANT,synthetic,
use postgres for the database,REPETITIVE,synthetic,Build me a rest api with postgres as the backing store.
and it has to run on windows too,REPETITIVE,synthetic,"The script needs to work on windows, mac and linux."
"debug it, find the bug and fix the bug",REPETITIVE,synthetic,
as i mentioned earlier the timeout is thirty seconds,REPETITIVE,synthetic,The client gives up after a thirty second timeout.
so again the version is 3.11,REPETITIVE,synthetic,I am running python 3.11 on ubuntu.
"make it fast, performance is the priority, it has to be fast",REPETITIVE,synthetic,
"to repeat, comments in english",REPETITIVE,synthetic,Write the code comments in english.
and like i said the file is a csv,REPETITIVE,synthetic,I have a csv file with two hundred columns.
"test it, write tests, I want tests",REPETITIVE,synthetic,
"once more, do not use jquery",REPETITIVE,synthetic,"Plain javascript only, do not use jquery."
"the error is a null pointer, a null pointer error",REPETITIVE,synthetic,
just restating that it is a monorepo,REPETITIVE,synthetic,We keep everything in one monorepo with pnpm workspaces.
"simple, keep it simple, as simple as you can",REPETITIVE,synthetic,
reiterating that the branch is main,REPETITIVE,synthetic,Our default branch is called main not master.
"explain the stack trace, walk me through the stack trace",REPETITIVE,synthetic,
and again it is a docker container,REPETITIVE,synthetic,The app runs inside a docker container behind nginx.
"document it, add documentation, documented properly",REPETITIVE,synthetic,
"stating it a second time, no typescript",REPETITIVE,synthetic,"Plain javascript please, no typescript."
"the log, look at the log I pasted, the log above",REPETITIVE,synthetic,
"repeating myself, the team is five people",REPETITIVE,synthetic,We are a team of five engineers.
optimise it and make it optimised,REPETITIVE,synthetic,
"sorry saying again, it is a legacy system",REPETITIVE,synthetic,This is a legacy system from 2011 with no tests.
"step by step, one step at a time, step wise",REPETITIVE,synthetic,
as stated the db is mysql,REPETITIVE,synthetic,We run mysql 8 on a managed instance.
"short answer, keep the answer short, short please",REPETITIVE,synthetic,
just to say it again it is for production,REPETITIVE,synthetic,This code is going straight to production.
"secure it, make it secure, security matters here",REPETITIVE,synthetic,
"one more time, indentation with tabs",REPETITIVE,synthetic,Our style guide uses tabs for indentation.
"compare them, give me a comparison, compare the two",REPETITIVE,synthetic,
saying it again the deadline is friday,REPETITIVE,synthetic,This has to ship by friday.
"clean code, keep the code clean, clean it up",REPETITIVE,synthetic,
teach me ml,IMPORTANT,synthetic,
my board exam is on the twelfth so cover only the deleted syllabus topics,IMPORTANT,synthetic,
explain photosynthesis like I am twelve years old,IMPORTANT,synthetic,
give me five practice questions with worked solutions,IMPORTANT,synthetic,
"I have forty minutes, what should I revise first",IMPORTANT,synthetic,
"the syllabus stops at chapter seven, skip anything after that",IMPORTANT,synthetic,
derive the quadratic formula by completing the square,IMPORTANT,synthetic,
my teacher wants the answer in si units,IMPORTANT,synthetic,
summarise the causes of world war one in a table,IMPORTANT,synthetic,
I learn better with diagrams than with paragraphs,IMPORTANT,synthetic,
what is the difference between mitosis and meiosis,IMPORTANT,synthetic,
the exam is open book so focus on application not memorisation,IMPORTANT,synthetic,
check my proof and point out the first wrong step,IMPORTANT,synthetic,
explain it in hindi and english side by side,IMPORTANT,synthetic,
we were never taught calculus so avoid derivatives,IMPORTANT,synthetic,
make flashcards for the twenty most confusing terms,IMPORTANT,synthetic,
how do i cite a website in apa seventh edition,IMPORTANT,synthetic,
break bayes theorem down with a medical testing example,IMPORTANT,synthetic,
the essay is graded on structure more than content,IMPORTANT,synthetic,
I am dyslexic so short lines help a lot,IMPORTANT,synthetic,
quiz me one question at a time and wait for my answer,IMPORTANT,synthetic,
translate this sentence and explain why the case changes,IMPORTANT,synthetic,
our professor marks down any use of passive voice,IMPORTANT,synthetic,
explain big o notation without any code,IMPORTANT,synthetic,
I am preparing for gate not for placements,IMPORTANT,synthetic,
"show the intermediate steps, not just the final answer",IMPORTANT,synthetic,
compare the french and russian revolutions on three axes,IMPORTANT,synthetic,
the lab report needs a hypothesis section,IMPORTANT,synthetic,
"I keep mixing up affect and effect, help",IMPORTANT,synthetic,
plan a six week schedule for learning spanish to a2,IMPORTANT,synthetic,
explain why the answer key says b and not d,IMPORTANT,synthetic,
give me a mnemonic for the cranial nerves,IMPORTANT,synthetic,
tmrw is my exam and i am panicking,FILLER,synthetic,
my parents will kill me if i fail this one,FILLER,synthetic,
i have been awake for nineteen hours straight,FILLER,synthetic,
school has been really rough this term,FILLER,synthetic,
i wish i had started studying earlier,FILLER,synthetic,
the lecturer just reads off the slides,FILLER,synthetic,
sorry my english is not very good,FILLER,synthetic,
hope you are having a nice day teacher,FILLER,synthetic,
my hostel wifi keeps dropping every ten minutes,FILLER,synthetic,
"i am going to fail, i can feel it",FILLER,synthetic,
my roommate kept playing loud music all night,FILLER,synthetic,
thanks a lot in advance seriously,FILLER,synthetic,
this is my third attempt at this paper,FILLER,synthetic,
i hate this subject so much,FILLER,synthetic,
the library closes in an hour ugh,FILLER,synthetic,
just woke up from a two hour nap,FILLER,synthetic,
my friend said you explain better than youtube,FILLER,synthetic,
i have zero motivation left honestly,FILLER,synthetic,
we had a power cut the whole evening,FILLER,synthetic,
ok cool thanks bye,FILLER,synthetic,
i am eating dinner while typing this,FILLER,synthetic,
our school is quite small so we have no lab,FILLER,synthetic,
i always panic in the exam hall,FILLER,synthetic,
"my handwriting is terrible, everyone says so",FILLER,synthetic,
it is raining and i cannot go to college,FILLER,synthetic,
sorry i keep asking so many questions,FILLER,synthetic,
last year was so much easier than this,FILLER,synthetic,
i am doing this at the last minute as usual,FILLER,synthetic,
you probably get asked this all the time,FILLER,synthetic,
"that is all, over and out",FILLER,synthetic,
could you kindly be able to possibly explain to me,REDUNDANT,synthetic,
I am writing to you in order to ask you a question,REDUNDANT,synthetic,
the basic fundamental underlying principles behind the basics,REDUNDANT,synthetic,
as everybody knows and is commonly known by all,REDUNDANT,synthetic,
help me to understand and comprehend the understanding of,REDUNDANT,synthetic,
in simple easy terms that are simple to understand,REDUNDANT,synthetic,
my question that I want to ask is the following question,REDUNDANT,synthetic,
explain it in such a way so that I can understand it,REDUNDANT,synthetic,
it would be really great and very nice if you could,REDUNDANT,synthetic,
I need to learn and study and revise the material,REDUNDANT,synthetic,
the topic which I am asking about is on the subject of,REDUNDANT,synthetic,
going into more depth and greater detail in depth,REDUNDANT,synthetic,
a short brief concise quick summary in brief,REDUNDANT,synthetic,
if it is not too much trouble and not a bother,REDUNDANT,synthetic,
I hope that you will hopefully be able to assist,REDUNDANT,synthetic,
give examples and also give some more examples as well,REDUNDANT,synthetic,
the point that I am trying to make is my point,REDUNDANT,synthetic,
completely and utterly confused and lost entirely,REDUNDANT,synthetic,
in terms of with respect to regarding about,REDUNDANT,synthetic,
so that I am able to be in a position to answer,REDUNDANT,synthetic,
teach and instruct and educate me on this,REDUNDANT,synthetic,
the final conclusion at the very end concludes,REDUNDANT,synthetic,
very extremely highly important and significant,REDUNDANT,synthetic,
I request you to please kindly request,REDUNDANT,synthetic,
step by step in a stepwise manner step wise,REDUNDANT,synthetic,
what exactly precisely specifically is it,REDUNDANT,synthetic,
any and all of whatever help you can give,REDUNDANT,synthetic,
to be perfectly honest and completely truthful with you,REDUNDANT,synthetic,
an actual real genuine authentic example,REDUNDANT,synthetic,
I am currently presently at the moment studying,REDUNDANT,synthetic,
make it clear and clearly understandable with clarity,REDUNDANT,synthetic,
over and above in addition to besides that also,REDUNDANT,synthetic,
and remember it is for a class nine student,REPETITIVE,synthetic,I am in class nine and need this explained at my level.
"short, keep it short, i said short",REPETITIVE,synthetic,
"again, the exam is on monday",REPETITIVE,synthetic,My exam is on monday morning.
"examples, give examples, i need examples",REPETITIVE,synthetic,
"as i said before, no formulas",REPETITIVE,synthetic,Explain it without any formulas please.
"hindi, in hindi, please answer in hindi",REPETITIVE,synthetic,
just repeating that it is for a school project,REPETITIVE,synthetic,This is for my school science project.
"simple words, use simple words, words that are simple",REPETITIVE,synthetic,
"i said chemistry, chemistry not physics, chemistry",REPETITIVE,synthetic,
restating that i have only one day left,REPETITIVE,synthetic,I have exactly one day before the test.
"diagram, draw a diagram, with a diagram",REPETITIVE,synthetic,
and again it is the cbse syllabus,REPETITIVE,synthetic,I follow the cbse syllabus.
"explain slowly, go slow, slowly please",REPETITIVE,synthetic,
mentioning again that i am a beginner,REPETITIVE,synthetic,I am a total beginner at this subject.
"practice questions, more practice questions, practice",REPETITIVE,synthetic,
"to say it once more, no plagiarism",REPETITIVE,synthetic,The essay has to be original with no plagiarism.
"important, this is important, very important point",REPETITIVE,synthetic,
as noted the word limit is five hundred,REPETITIVE,synthetic,The essay has a five hundred word limit.
"revise, help me revise, revision please",REPETITIVE,synthetic,
saying again that it is an online test,REPETITIVE,synthetic,The test is conducted online with a timer.
"bullet points, in bullets, bulleted list",REPETITIVE,synthetic,
"once more, the topic is thermodynamics",REPETITIVE,synthetic,The chapter is thermodynamics.
"easy, make it easy, easily understandable",REPETITIVE,synthetic,
repeating that my medium is english,REPETITIVE,synthetic,I study in an english medium school.
"summary, just a summary, summarise it",REPETITIVE,synthetic,
"i already said i want mcqs, mcqs only",REPETITIVE,synthetic,
again no youtube links,REPETITIVE,synthetic,"Do not give me youtube links, I want text."
"explain, please explain, explanation needed",REPETITIVE,synthetic,
stating again that it is a group assignment,REPETITIVE,synthetic,This is a group assignment with four members.
"notes, make notes, notes format",REPETITIVE,synthetic,
as i told you the marks are for ten,REPETITIVE,synthetic,This question carries ten marks.
"fast, quickly, i need it fast",REPETITIVE,synthetic,
draft a follow up email to a client who has gone quiet for three weeks,IMPORTANT,synthetic,
our tone of voice guide bans exclamation marks,IMPORTANT,synthetic,
the deck goes to the board so keep it to eight slides,IMPORTANT,synthetic,
"write ad copy for instagram, not for print",IMPORTANT,synthetic,
we sell to procurement managers at mid sized factories,IMPORTANT,synthetic,
compare a freemium and a trial model for a b2b saas,IMPORTANT,synthetic,
legal will not approve any claim we cannot substantiate,IMPORTANT,synthetic,
turn these meeting notes into action items with owners,IMPORTANT,synthetic,
our margin is thin so do not suggest discounting,IMPORTANT,synthetic,
write the subject line in under fifty characters,IMPORTANT,synthetic,
what should go in a one page product requirements doc,IMPORTANT,synthetic,
the audience is non technical investors,IMPORTANT,synthetic,
build a hiring scorecard for a junior designer role,IMPORTANT,synthetic,
we operate only in the eu so gdpr applies,IMPORTANT,synthetic,
rewrite this in british english,IMPORTANT,synthetic,
suggest three okrs for a support team of six,IMPORTANT,synthetic,
our competitor just cut prices by twenty percent,IMPORTANT,synthetic,
explain unit economics using our numbers below,IMPORTANT,synthetic,
"no em dashes, our style guide forbids them",IMPORTANT,synthetic,
draft a polite rejection that leaves the door open,IMPORTANT,synthetic,
the campaign runs during ramadan so mind the timing,IMPORTANT,synthetic,
give me a risk register for a warehouse relocation,IMPORTANT,synthetic,
summarise this contract clause in plain english,IMPORTANT,synthetic,
we are a nonprofit so no revenue language,IMPORTANT,synthetic,
write it so a translator can localise it easily,IMPORTANT,synthetic,
propose a pricing page structure for three tiers,IMPORTANT,synthetic,
our ceo hates buzzwords like synergy and leverage,IMPORTANT,synthetic,
outline a thirty sixty ninety plan for a new sales hire,IMPORTANT,synthetic,
the invoice template has to show tax separately,IMPORTANT,synthetic,
critique this value proposition and say what is weak,IMPORTANT,synthetic,
we have no design team so keep it text only,IMPORTANT,synthetic,
write a slack announcement for a pricing change,IMPORTANT,synthetic,
hope this email finds you well and in good health,FILLER,synthetic,
quick one before my next meeting,FILLER,synthetic,
as per our telephonic discussion yesterday,FILLER,synthetic,
"sorry for the delayed response, been swamped",FILLER,synthetic,
warm regards and best wishes,FILLER,synthetic,
i am new to this role so bear with me,FILLER,synthetic,
"our quarter ends this week, chaos everywhere",FILLER,synthetic,
thanks for always turning these around fast,FILLER,synthetic,
the office is moving floors next month,FILLER,synthetic,
i am not a marketer by training,FILLER,synthetic,
looking forward to hearing from you soon,FILLER,synthetic,
my boss forwarded me this task at five pm,FILLER,synthetic,
we had a long offsite and everyone is tired,FILLER,synthetic,
just circling back on this,FILLER,synthetic,
i am doing this between two calls,FILLER,synthetic,
our previous agency was a nightmare,FILLER,synthetic,
happy friday everyone,FILLER,synthetic,
no rush on this at all,FILLER,synthetic,
i will be honest i do not enjoy writing,FILLER,synthetic,
the coffee here is surprisingly good,FILLER,synthetic,
"thanks again for the last draft, it landed well",FILLER,synthetic,
i am on leave from tuesday so whenever,FILLER,synthetic,
we are a small team wearing many hats,FILLER,synthetic,
"apologies for the typos, sent from my phone",FILLER,synthetic,
great to be working with you on this,FILLER,synthetic,
my internet at home is patchy today,FILLER,synthetic,
this has been on my to do list for weeks,FILLER,synthetic,
hope the weekend treated you kindly,FILLER,synthetic,
our intern usually does this but she resigned,FILLER,synthetic,
"anyway, over to you",FILLER,synthetic,
cheers and have a lovely evening,FILLER,synthetic,
thanking you in anticipation of your response,FILLER,synthetic,
at your earliest possible convenience as soon as you can,REDUNDANT,synthetic,
please find attached herewith the enclosed document,REDUNDANT,synthetic,
we would like to request that you kindly provide us with,REDUNDANT,synthetic,
future plans that we plan for the future ahead,REDUNDANT,synthetic,
collaborate and work together jointly as a team,REDUNDANT,synthetic,
in the near future soon coming up shortly,REDUNDANT,synthetic,
our own personal company values that we hold,REDUNDANT,synthetic,
it has come to our attention that we have noticed,REDUNDANT,synthetic,
mutual agreement agreed upon by both parties together,REDUNDANT,synthetic,
we are in receipt of having received your message,REDUNDANT,synthetic,
absolutely guaranteed with a full guarantee assured,REDUNDANT,synthetic,
going forward into the future from here on out,REDUNDANT,synthetic,
kindly note and please be informed and aware,REDUNDANT,synthetic,
a new innovation that is innovative and novel,REDUNDANT,synthetic,
we anticipate and expect to foresee that,REDUNDANT,synthetic,
each individual person separately on their own,REDUNDANT,synthetic,
the overall general consensus of opinion among all,REDUNDANT,synthetic,
in close proximity nearby and near to,REDUNDANT,synthetic,
we would be grateful if you would be so good as to,REDUNDANT,synthetic,
totally unique one of a kind and entirely singular,REDUNDANT,synthetic,
the end product resulting as the final result,REDUNDANT,synthetic,
presently at this current juncture right now today,REDUNDANT,synthetic,
estimate approximately roughly around about,REDUNDANT,synthetic,
we must necessarily be required to have to,REDUNDANT,synthetic,
past history of what happened previously before,REDUNDANT,synthetic,
on an ongoing continuous basis continually throughout,REDUNDANT,synthetic,
a positive benefit that is beneficial and good,REDUNDANT,synthetic,
we are of the view that it is our view that,REDUNDANT,synthetic,
cooperate and assist in helping together with us,REDUNDANT,synthetic,
the general public at large in general,REDUNDANT,synthetic,
consensus of agreement where everyone agrees,REDUNDANT,synthetic,
we sincerely and genuinely truly apologise deeply,REDUNDANT,synthetic,
"and again, keep it to one page",REPETITIVE,synthetic,The summary has to fit on one page.
"professional, keep the tone professional, professionally written",REPETITIVE,synthetic,
as mentioned the budget is fixed,REPETITIVE,synthetic,Our budget is fixed and cannot move.
"persuasive, make it persuasive, persuade them",REPETITIVE,synthetic,
restating that the deadline is end of month,REPETITIVE,synthetic,This has to be delivered by the end of the month.
"friendly tone, sound friendly, be friendly",REPETITIVE,synthetic,
"i repeat, no jargon",REPETITIVE,synthetic,Write it in plain language with no jargon.
"email, write an email, in email format",REPETITIVE,synthetic,
again the audience is our existing customers,REPETITIVE,synthetic,This goes out to our existing customer base.
"concise, be concise, concisely please",REPETITIVE,synthetic,
"once more, three options not two",REPETITIVE,synthetic,I want three pricing options.
"urgent, this is urgent, treat it as urgent",REPETITIVE,synthetic,
"saying it again, we are b2b",REPETITIVE,synthetic,We are a b2b company selling to enterprises.
"formal, keep it formal, formal register",REPETITIVE,synthetic,
as stated the product launches in march,REPETITIVE,synthetic,The product launches in march.
"to reiterate, no legal advice",REPETITIVE,synthetic,"Do not give me legal advice, just the summary."
"numbers, give me numbers, with the numbers",REPETITIVE,synthetic,
repeating that the team has four people,REPETITIVE,synthetic,The team is four people including me.
"actionable, make it actionable, actions please",REPETITIVE,synthetic,
"i said quarterly, quarterly not monthly, quarterly",REPETITIVE,synthetic,
again we are based in singapore,REPETITIVE,synthetic,Our head office is in singapore.
"clear, keep it clear, clarity above all",REPETITIVE,synthetic,
mentioning once more that it is a pitch,REPETITIVE,synthetic,This is an investor pitch.
"draft it, write a draft, first draft",REPETITIVE,synthetic,
"as i wrote above, no stock photos",REPETITIVE,synthetic,Do not suggest stock photos.
"polite, stay polite, politely worded",REPETITIVE,synthetic,
saying again the contract is annual,REPETITIVE,synthetic,"Our contracts are annual, billed upfront."
"table, in a table, tabular format",REPETITIVE,synthetic,
"one more time, no bullet points",REPETITIVE,synthetic,"Write it as prose, not bullet points."
"honest, be honest, honest feedback",REPETITIVE,synthetic,
as noted we already tried email campaigns,REPETITIVE,synthetic,We have already tried email campaigns and they flopped.
I am colourblind so do not rely on red and green to mark the diff,IMPORTANT,synthetic,
my grandmother will be reading this so keep the language gentle,IMPORTANT,synthetic,
I am typing this on a phone so short code blocks please,IMPORTANT,synthetic,
we are in a village with 2g so no video suggestions,IMPORTANT,synthetic,
"I am vegetarian, that rules out most of those recipes",IMPORTANT,synthetic,
my hands shake so anything needing fine soldering is out,IMPORTANT,synthetic,
I am on a company laptop where I cannot install software,IMPORTANT,synthetic,
our office blocks github so link somewhere else,IMPORTANT,synthetic,
it is for my blind uncle so it will be read by a screen reader,IMPORTANT,synthetic,
I am allergic to nuts,IMPORTANT,synthetic,
"we only have a gas stove, no oven at all",IMPORTANT,synthetic,
my budget is eight thousand rupees total,IMPORTANT,synthetic,
I am left handed so mirror the instructions,IMPORTANT,synthetic,
the client is in tokyo so mind the time zone in the schedule,IMPORTANT,synthetic,
I have a two year old at home so nothing that takes four hours,IMPORTANT,synthetic,
we are a muslim family so keep the menu halal,IMPORTANT,synthetic,
my car is a manual not automatic,IMPORTANT,synthetic,
I am five foot one so the shelf height matters,IMPORTANT,synthetic,
our village floods in july so plan around that,IMPORTANT,synthetic,
I am recovering from surgery and cannot lift anything heavy,IMPORTANT,synthetic,
the flat is rented so nothing that needs drilling,IMPORTANT,synthetic,
I work night shifts so daytime appointments do not work,IMPORTANT,synthetic,
my printer is black and white only,IMPORTANT,synthetic,
we speak malayalam at home so the story should feel familiar,IMPORTANT,synthetic,
I am on a student visa which limits my working hours,IMPORTANT,synthetic,
our building has no lift and I am on the fourth floor,IMPORTANT,synthetic,
"I am lactose intolerant, work around that",IMPORTANT,synthetic,
the school only allows blue or black ink,IMPORTANT,synthetic,
I cannot read sheet music,IMPORTANT,synthetic,
we have a cat so no lilies in the arrangement,IMPORTANT,synthetic,
my phone is an old android on version 9,IMPORTANT,synthetic,
I am doing this during ramadan so no tasting while cooking,IMPORTANT,synthetic,
I have a cat but that is not relevant here,FILLER,synthetic,
it is raining outside as I write this,FILLER,synthetic,
I once met someone who studied this at oxford,FILLER,synthetic,
my brother recommended I ask you instead of googling,FILLER,synthetic,
we moved house last year which was exhausting,FILLER,synthetic,
I used to be quite good at this in school,FILLER,synthetic,
the neighbours are renovating and it is so loud,FILLER,synthetic,
I am listening to music while typing this,FILLER,synthetic,
my sister thinks I ask you too many questions,FILLER,synthetic,
it has been a strange week all round,FILLER,synthetic,
I remember reading something about this once,FILLER,synthetic,
"we got a new sofa yesterday, unrelated but exciting",FILLER,synthetic,
I am a morning person so I am fresh right now,FILLER,synthetic,
my friend bet me I could not figure this out,FILLER,synthetic,
the weather has been lovely this month,FILLER,synthetic,
I have asked three people already and got three answers,FILLER,synthetic,
"I am drinking tea, third cup today",FILLER,synthetic,
my colleague said you would know this,FILLER,synthetic,
we watched a documentary about this last night,FILLER,synthetic,
I am not usually this disorganised,FILLER,synthetic,
the dog needs walking soon so I will be quick,FILLER,synthetic,
someone on reddit said the opposite,FILLER,synthetic,
I have been curious about this for years,FILLER,synthetic,
my uncle does something similar for a living,FILLER,synthetic,
it feels silly asking but here goes,FILLER,synthetic,
I nearly gave up on this yesterday,FILLER,synthetic,
we have a family gathering later so I am rushing,FILLER,synthetic,
I saw a tiktok about this which confused me more,FILLER,synthetic,
my old teacher would be disappointed in me,FILLER,synthetic,
"it is my birthday next week, anyway",FILLER,synthetic,
"I typed all this out twice, the first draft vanished",FILLER,synthetic,
that is the background out of the way,FILLER,synthetic,
what I am essentially fundamentally asking at heart is,REDUNDANT,synthetic,
if you are able and if it is possible for you to be able,REDUNDANT,synthetic,
I want to know and find out and discover,REDUNDANT,synthetic,
some kind of a sort of a type of thing like that,REDUNDANT,synthetic,
help me out by helping me with some help,REDUNDANT,synthetic,
the thing about the thing I am asking about,REDUNDANT,synthetic,
more or less approximately give or take roughly,REDUNDANT,synthetic,
I think that in my opinion I believe that,REDUNDANT,synthetic,
very very really quite extremely so much,REDUNDANT,synthetic,
let me explain and clarify by explaining,REDUNDANT,synthetic,
anyhow anyway in any case regardless nonetheless,REDUNDANT,synthetic,
the way in which the manner by which it works,REDUNDANT,synthetic,
sort of kind of somewhat a little bit maybe,REDUNDANT,synthetic,
I need your help and assistance and support,REDUNDANT,synthetic,
seeing as how due to the reason that since because,REDUNDANT,synthetic,
give me an idea of some sense of a rough notion,REDUNDANT,synthetic,
the fact of the matter is the truth is really,REDUNDANT,synthetic,
can you tell me and let me know and inform me,REDUNDANT,synthetic,
put simply in simple terms simply speaking,REDUNDANT,synthetic,
a whole entire complete full thing altogether,REDUNDANT,synthetic,
at some point eventually sooner or later one day,REDUNDANT,synthetic,
I am asking because I wanted to ask about,REDUNDANT,synthetic,
the question being asked in this question,REDUNDANT,synthetic,
pretty much basically more or less essentially,REDUNDANT,synthetic,
start off by beginning to commence initially first,REDUNDANT,synthetic,
different various assorted varied miscellaneous,REDUNDANT,synthetic,
by means of through the use of by way of via,REDUNDANT,synthetic,
it is necessary and needed and required to be,REDUNDANT,synthetic,
in spite of the fact that despite the fact although,REDUNDANT,synthetic,
take a look at and examine and inspect closely,REDUNDANT,synthetic,
the whole of the entirety of all of it,REDUNDANT,synthetic,
for the reason and purpose of being able to do,REDUNDANT,synthetic,
"vegetarian, i said vegetarian, no meat",REPETITIVE,synthetic,
"again, my budget is eight thousand",REPETITIVE,synthetic,I can spend eight thousand rupees at most.
and once more no nuts,REPETITIVE,synthetic,I am allergic to nuts so nothing with nuts.
"cheap, something cheap, cheapest option",REPETITIVE,synthetic,
as i said i have no oven,REPETITIVE,synthetic,We only have a gas stove and no oven.
"beginner, i am a beginner, beginner level",REPETITIVE,synthetic,
restating that i am in kerala,REPETITIVE,synthetic,I live in kerala.
"safe, keep it safe, safety first",REPETITIVE,synthetic,
i already mentioned the flat is rented,REPETITIVE,synthetic,The flat is rented so I cannot modify the walls.
"small, make it small, small size only",REPETITIVE,synthetic,
"to say again, no drilling",REPETITIVE,synthetic,Nothing that requires drilling into the wall.
"quiet, something quiet, quietly working",REPETITIVE,synthetic,
again i work night shifts,REPETITIVE,synthetic,I work night shifts through the week.
"portable, has to be portable, portability matters",REPETITIVE,synthetic,
repeating that it is for a child,REPETITIVE,synthetic,This is for a six year old child.
"warm, keep it warm, warmth is important",REPETITIVE,synthetic,
as noted i cannot lift heavy things,REPETITIVE,synthetic,I am recovering from surgery and cannot lift anything heavy.
"local, buy local, locally available",REPETITIVE,synthetic,
"i said malayalam, in malayalam, malayalam please",REPETITIVE,synthetic,
and again no lilies,REPETITIVE,synthetic,We have a cat so no lilies anywhere near it.
"durable, it must last, lasting quality",REPETITIVE,synthetic,
mentioning again that my phone is old,REPETITIVE,synthetic,My phone is an old android from 2019.
"one more time, black and white only",REPETITIVE,synthetic,My printer only does black and white.
"light, keep it light, lightweight",REPETITIVE,synthetic,
as stated i am on a student visa,REPETITIVE,synthetic,I am here on a student visa.
"healthy, make it healthy, health wise better",REPETITIVE,synthetic,
saying it again there is no lift,REPETITIVE,synthetic,Our building has no lift.
"colour, in colour, coloured version",REPETITIVE,synthetic,
i repeat i cannot read music,REPETITIVE,synthetic,I cannot read sheet music at all.
"soft, softer, as soft as possible",REPETITIVE,synthetic,
"again, blue or black ink",REPETITIVE,synthetic,The school allows blue or black ink only.
"outdoors, for outdoor use, outside",REPETITIVE,synthetic,
summarise this paper in one paragraph for a non specialist,IMPORTANT,synthetic,
the journal caps the abstract at 250 words,IMPORTANT,synthetic,
my sample size is 43 which reviewers will attack,IMPORTANT,synthetic,
suggest a control group design for this experiment,IMPORTANT,synthetic,
we cannot randomise because the wards are already assigned,IMPORTANT,synthetic,
explain why my p value changes when I drop the outliers,IMPORTANT,synthetic,
the ethics board requires anonymised transcripts,IMPORTANT,synthetic,
rewrite this methods section in past passive,IMPORTANT,synthetic,
which test fits paired ordinal data,IMPORTANT,synthetic,
our field uses vancouver referencing not harvard,IMPORTANT,synthetic,
critique the internal validity of this study,IMPORTANT,synthetic,
"I have only cross sectional data, no follow up",IMPORTANT,synthetic,
draft a response to reviewer two who called it derivative,IMPORTANT,synthetic,
the figure has to be legible in greyscale print,IMPORTANT,synthetic,
explain the difference between correlation and causation with my data,IMPORTANT,synthetic,
"we measured at three time points, not continuously",IMPORTANT,synthetic,
propose a coding frame for these open ended answers,IMPORTANT,synthetic,
my supervisor wants a conceptual framework diagram,IMPORTANT,synthetic,
the literature I can access stops at 2019,IMPORTANT,synthetic,
how do I report a non significant result honestly,IMPORTANT,synthetic,
write the limitations section without undermining the whole paper,IMPORTANT,synthetic,
the conference wants a structured abstract with five headings,IMPORTANT,synthetic,
explain bonferroni correction and when it is too conservative,IMPORTANT,synthetic,
our participants were all undergraduates from one university,IMPORTANT,synthetic,
turn this table into a figure caption,IMPORTANT,synthetic,
I need a search string for scopus not pubmed,IMPORTANT,synthetic,
the thesis has a hard limit of eighty pages,IMPORTANT,synthetic,
help me phrase the research gap more sharply,IMPORTANT,synthetic,
we used a likert scale from one to seven,IMPORTANT,synthetic,
what does an f statistic of 0.8 tell me here,IMPORTANT,synthetic,
the data is proprietary so I cannot share it publicly,IMPORTANT,synthetic,
suggest three journals that publish negative results,IMPORTANT,synthetic,
my viva is next month and I am terrified,FILLER,synthetic,
my supervisor has not replied in two weeks,FILLER,synthetic,
I have been in this phd for five years now,FILLER,synthetic,
"academia is exhausting, honestly",FILLER,synthetic,
the department printer ate my draft,FILLER,synthetic,
everyone in my cohort has published already,FILLER,synthetic,
I had a panic attack about this last week,FILLER,synthetic,
the reviewers were unnecessarily harsh,FILLER,synthetic,
I am writing from a library basement with no windows,FILLER,synthetic,
thanks for reading all of this,FILLER,synthetic,
my funding runs out in march,FILLER,synthetic,
I chose this topic because it sounded interesting,FILLER,synthetic,
conference deadlines always land badly,FILLER,synthetic,
my labmate spilled buffer on the bench again,FILLER,synthetic,
I should have done a masters first,FILLER,synthetic,
hoping you can save me here,FILLER,synthetic,
the stats course I took was years ago,FILLER,synthetic,
I have read this paper eleven times,FILLER,synthetic,
my coffee has gone cold twice today,FILLER,synthetic,
"sorry this is long, I am thinking out loud",FILLER,synthetic,
our lab meeting is tomorrow morning,FILLER,synthetic,
I genuinely do not know what I am doing,FILLER,synthetic,
the grant office is impossible to reach,FILLER,synthetic,
someone told me this journal is predatory,FILLER,synthetic,
"I love the reading, I hate the writing",FILLER,synthetic,
my keyboard has a sticky e key,FILLER,synthetic,
it is two in the morning here,FILLER,synthetic,
my cohort has a group chat full of despair,FILLER,synthetic,
thank you for being patient with my questions,FILLER,synthetic,
I nearly quit last semester,FILLER,synthetic,
anyway that is the context,FILLER,synthetic,
"right, enough preamble",FILLER,synthetic,
it is important to note and worth noting that,REDUNDANT,synthetic,
the results of the findings that were found,REDUNDANT,synthetic,
prior previous earlier antecedent work before this,REDUNDANT,synthetic,
in this present current study that we conducted here,REDUNDANT,synthetic,
a novel new original previously unseen approach,REDUNDANT,synthetic,
we sought to attempt to try to investigate,REDUNDANT,synthetic,
these data show and demonstrate and indicate that,REDUNDANT,synthetic,
further additional supplementary extra analysis beyond,REDUNDANT,synthetic,
it can be seen and observed and noted from the above,REDUNDANT,synthetic,
the aim and objective and goal and purpose was to,REDUNDANT,synthetic,
future research in the future should research further,REDUNDANT,synthetic,
a significant and notable and considerable difference,REDUNDANT,synthetic,
as has been previously reported before in the past,REDUNDANT,synthetic,
we utilised and made use of the utilisation of,REDUNDANT,synthetic,
the underlying basis on which the foundation rests,REDUNDANT,synthetic,
in terms of relating to with regard to concerning,REDUNDANT,synthetic,
it should be mentioned that we should mention,REDUNDANT,synthetic,
a total sum of all together combined overall,REDUNDANT,synthetic,
these findings suggest and imply and point towards,REDUNDANT,synthetic,
methodological methods used in the methodology,REDUNDANT,synthetic,
in the majority of most cases usually typically,REDUNDANT,synthetic,
we conclude in conclusion that we can conclude,REDUNDANT,synthetic,
empirical evidence based on observed empirical data,REDUNDANT,synthetic,
there exists the existence of an existing,REDUNDANT,synthetic,
a detailed in depth thorough comprehensive review,REDUNDANT,synthetic,
the participants who took part and participated,REDUNDANT,synthetic,
has the potential possibility of possibly being able,REDUNDANT,synthetic,
relatively comparatively somewhat rather fairly,REDUNDANT,synthetic,
we hypothesise the hypothesis that we hypothesised,REDUNDANT,synthetic,
on the basis of based upon founded on grounds of,REDUNDANT,synthetic,
an important key critical crucial vital factor,REDUNDANT,synthetic,
subsequently afterwards thereafter following this later,REDUNDANT,synthetic,
"apa, in apa style, apa formatting",REPETITIVE,synthetic,
as i said the sample is 43 people,REPETITIVE,synthetic,My sample size is 43 participants.
"citations, with citations, cite everything",REPETITIVE,synthetic,
restating that it is qualitative work,REPETITIVE,synthetic,This is a qualitative interview study.
"rigorous, be rigorous, rigour matters",REPETITIVE,synthetic,
"once more, no speculation",REPETITIVE,synthetic,"Stick to what the data shows, no speculation."
i repeat the field is sociology,REPETITIVE,synthetic,My field is sociology.
"academic, academic tone, academically written",REPETITIVE,synthetic,
mentioning again there is no control group,REPETITIVE,synthetic,We have no control group in this design.
"structured, give it structure, structurally clear",REPETITIVE,synthetic,
as noted the data is anonymised,REPETITIVE,synthetic,All transcripts are anonymised before analysis.
"sources, name the sources, source them",REPETITIVE,synthetic,
saying again it is a systematic review,REPETITIVE,synthetic,I am writing a systematic review.
"brief, keep it brief, briefly",REPETITIVE,synthetic,
"one more time, british spelling",REPETITIVE,synthetic,The journal uses british spelling.
"evidence, show evidence, evidence based",REPETITIVE,synthetic,
again the timeframe is three months,REPETITIVE,synthetic,The study ran over three months.
"neutral, stay neutral, neutrally phrased",REPETITIVE,synthetic,
i already said the n is small,REPETITIVE,synthetic,I am aware the n is small.
"outline, just an outline, outline form",REPETITIVE,synthetic,
repeating that ethics approval is done,REPETITIVE,synthetic,We already have ethics approval.
"precise, be precise, precision please",REPETITIVE,synthetic,
as stated it is for a masters thesis,REPETITIVE,synthetic,This is for my masters thesis.
"to say it again, no jargon in the abstract",REPETITIVE,synthetic,The abstract must avoid jargon.
"detailed, in detail, with detail",REPETITIVE,synthetic,
again we used spss not r,REPETITIVE,synthetic,We ran the analysis in spss.
"logical, keep it logical, logically ordered",REPETITIVE,synthetic,
mentioning once more it is peer reviewed,REPETITIVE,synthetic,The target venue is peer reviewed.
my dataframe has mixed dtypes in one column and groupby breaks,IMPORTANT,synthetic,
the csv is 40 gb so it will not fit in memory,IMPORTANT,synthetic,
"write the query as a cte, not nested subqueries",IMPORTANT,synthetic,
"we are on spark 3.2, no newer syntax",IMPORTANT,synthetic,
explain why my f1 dropped after balancing the classes,IMPORTANT,synthetic,
"the labels are noisy, about fifteen percent are wrong",IMPORTANT,synthetic,
give me a window function that ranks within each region,IMPORTANT,synthetic,
our cluster has no gpu so keep it cpu only,IMPORTANT,synthetic,
"plot it with matplotlib, we cannot install plotly",IMPORTANT,synthetic,
the index is a timezone aware timestamp,IMPORTANT,synthetic,
how do I detect drift without labels in production,IMPORTANT,synthetic,
we retrain weekly so training time under an hour,IMPORTANT,synthetic,
the target is imbalanced at roughly one in four hundred,IMPORTANT,synthetic,
explain the difference between a left join and a left anti join,IMPORTANT,synthetic,
our terraform state lives in an s3 bucket with locking,IMPORTANT,synthetic,
write a spreadsheet formula that ignores blanks in the range,IMPORTANT,synthetic,
"the pipeline must be idempotent, it gets replayed",IMPORTANT,synthetic,
show me how to shard this without a distributed lock,IMPORTANT,synthetic,
"we cannot change the schema, only the query",IMPORTANT,synthetic,
interpret this confusion matrix for a fraud model,IMPORTANT,synthetic,
the cron runs at midnight utc which is mid afternoon for us,IMPORTANT,synthetic,
"give me the airflow dag shape, not the full code",IMPORTANT,synthetic,
"our logs are json lines, one object per row",IMPORTANT,synthetic,
"which is cheaper for this, a lambda or a small always on box",IMPORTANT,synthetic,
explain vacuum and analyze in postgres and when each matters,IMPORTANT,synthetic,
the model has to explain its decision for compliance,IMPORTANT,synthetic,
we use bigquery so no postgres specific functions,IMPORTANT,synthetic,
compute a rolling median over seven days per user,IMPORTANT,synthetic,
my kubernetes pod gets oomkilled every few hours,IMPORTANT,synthetic,
keep the feature count under fifty for interpretability,IMPORTANT,synthetic,
how do I backfill two years without hammering the api,IMPORTANT,synthetic,
our data team is two people so nothing that needs a platform,IMPORTANT,synthetic,
I inherited this pipeline and nobody documented it,FILLER,synthetic,
our on call rotation is brutal this month,FILLER,synthetic,
data engineering was not what I expected,FILLER,synthetic,
the dashboard has been broken for weeks and nobody noticed,FILLER,synthetic,
I started learning pandas last month,FILLER,synthetic,
my laptop only has eight gb of ram which is painful,FILLER,synthetic,
we migrated clouds last year and it was hell,FILLER,synthetic,
"sorry, long day of meetings",FILLER,synthetic,
the analytics team keeps changing the definition,FILLER,synthetic,
I am more of a backend person really,FILLER,synthetic,
"thanks, this has been blocking me all week",FILLER,synthetic,
our vendor support is useless,FILLER,synthetic,
I read the docs three times and understood nothing,FILLER,synthetic,
"the deploy went out at five on a friday, obviously",FILLER,synthetic,
my manager wants this by standup tomorrow,FILLER,synthetic,
we have too many tools and not enough people,FILLER,synthetic,
I am self taught so forgive the gaps,FILLER,synthetic,
someone renamed the table without telling anyone,FILLER,synthetic,
the staging environment has been down since tuesday,FILLER,synthetic,
hope this is an easy one for you,FILLER,synthetic,
"I keep forgetting how joins work, embarrassing",FILLER,synthetic,
our slack is 90 percent alerts nobody reads,FILLER,synthetic,
I have had this tab open for two days,FILLER,synthetic,
the previous engineer left no handover notes,FILLER,synthetic,
"cheers, really appreciate it",FILLER,synthetic,
we are mid reorg so everything is uncertain,FILLER,synthetic,
I am doing this on the train,FILLER,synthetic,
the ticket has been open since january,FILLER,synthetic,
my rubber duck has stopped helping,FILLER,synthetic,
anyway here is what I have tried,FILLER,synthetic,
that is the whole setup,FILLER,synthetic,
ok that is everything from my side,FILLER,synthetic,
a large big huge massive enormous amount of data,REDUNDANT,synthetic,
the process of processing that is processed,REDUNDANT,synthetic,
efficiently in an efficient and optimal optimised way,REDUNDANT,synthetic,
automate it automatically with automation,REDUNDANT,synthetic,
integrate and combine and bring together into one,REDUNDANT,synthetic,
scalable and able to scale up at scale,REDUNDANT,synthetic,
the data itself that is the data in question,REDUNDANT,synthetic,
monitor and watch and keep an eye on and observe,REDUNDANT,synthetic,
in real time instantly immediately right away live,REDUNDANT,synthetic,
robust and reliable and dependable and stable,REDUNDANT,synthetic,
we would like you to please go ahead and do,REDUNDANT,synthetic,
the existing current system that exists currently,REDUNDANT,synthetic,
validate and verify and check and confirm it,REDUNDANT,synthetic,
best practices that are considered best practice,REDUNDANT,synthetic,
a complete full end to end entire whole pipeline,REDUNDANT,synthetic,
optimise for performance performantly and fast,REDUNDANT,synthetic,
considering and taking into account and factoring in,REDUNDANT,synthetic,
seamlessly without any seams or friction smoothly,REDUNDANT,synthetic,
cost effective at an effective cost that is cheap,REDUNDANT,synthetic,
leverage and utilise and use and employ the tool,REDUNDANT,synthetic,
granular at a granular level of granularity,REDUNDANT,synthetic,
we need to ensure and make sure and guarantee,REDUNDANT,synthetic,
holistically as a whole in a holistic manner overall,REDUNDANT,synthetic,
the output that is outputted as output,REDUNDANT,synthetic,
proactively in advance ahead of time preemptively,REDUNDANT,synthetic,
streamline and simplify and reduce and cut down,REDUNDANT,synthetic,
actionable insights that you can act upon actionably,REDUNDANT,synthetic,
at a high level broadly speaking generally overall,REDUNDANT,synthetic,
we should probably perhaps maybe consider looking at,REDUNDANT,synthetic,
the root cause underlying the root of the cause,REDUNDANT,synthetic,
consistently in a consistent and uniform way always,REDUNDANT,synthetic,
deprecate and remove and delete and get rid of,REDUNDANT,synthetic,
"sql, in sql, write it in sql",REPETITIVE,synthetic,
"again, no gpu available",REPETITIVE,synthetic,Our cluster is cpu only with no gpu.
as i said the file is 40 gb,REPETITIVE,synthetic,The csv is about 40 gb on disk.
"fast query, make the query fast, query speed",REPETITIVE,synthetic,
restating that we run on bigquery,REPETITIVE,synthetic,We use bigquery as our warehouse.
"pandas, use pandas, in pandas",REPETITIVE,synthetic,
"one more time, the schema cannot change",REPETITIVE,synthetic,"I cannot alter the schema, only the query."
"explain, explain it, i want an explanation",REPETITIVE,synthetic,
repeating that the labels are noisy,REPETITIVE,synthetic,About fifteen percent of the labels are wrong.
"indexed, add an index, indexing matters",REPETITIVE,synthetic,
i already mentioned we retrain weekly,REPETITIVE,synthetic,The model is retrained every week.
"chart, draw a chart, charted",REPETITIVE,synthetic,
again the timestamps are in utc,REPETITIVE,synthetic,All timestamps are stored in utc.
"batch, batched, in batches",REPETITIVE,synthetic,
as noted it has to be idempotent,REPETITIVE,synthetic,The job gets replayed so it must be idempotent.
"aggregate, aggregation, aggregate it up",REPETITIVE,synthetic,
saying again there are two of us,REPETITIVE,synthetic,Our whole data team is two people.
"cheap, keep costs low, low cost",REPETITIVE,synthetic,
"to repeat, no new dependencies",REPETITIVE,synthetic,We cannot add new dependencies to this repo.
"accurate, accuracy matters, be accurate",REPETITIVE,synthetic,
mentioning again that logs are jsonl,REPETITIVE,synthetic,The logs are json lines format.
"test, add tests, tested properly",REPETITIVE,synthetic,
"incremental, do it incrementally, increments",REPETITIVE,synthetic,
as stated the api rate limits us,REPETITIVE,synthetic,The api rate limits at sixty calls a minute.
"readable, keep it readable, readability",REPETITIVE,synthetic,
"again, under fifty features",REPETITIVE,synthetic,Keep the feature count under fifty.
"monitor it, add monitoring, monitored",REPETITIVE,synthetic,
once more the target is rare,REPETITIVE,synthetic,The positive class is about one in four hundred.
"sorted, sort it, in sorted order",REPETITIVE,synthetic,
saying it again we use airflow,REPETITIVE,synthetic,We orchestrate everything with airflow.
"simple query, keep the query simple, simply",REPETITIVE,synthetic,
write a horror story where nothing supernatural happens,IMPORTANT,synthetic,
"keep it under a thousand words, it is for a competition",IMPORTANT,synthetic,
the narrator is unreliable and the reader should suspect it late,IMPORTANT,synthetic,
no dialogue at all in the first scene,IMPORTANT,synthetic,
set it in 1940s bombay with period accurate detail,IMPORTANT,synthetic,
my protagonist is nine so the vocabulary should match,IMPORTANT,synthetic,
rewrite this paragraph in second person present tense,IMPORTANT,synthetic,
the poem has to scan in iambic pentameter,IMPORTANT,synthetic,
"give me three possible endings, not one",IMPORTANT,synthetic,
it is a childrens book so nothing frightening,IMPORTANT,synthetic,
cut the adverbs and tell me what got weaker,IMPORTANT,synthetic,
the antagonist should be sympathetic but still wrong,IMPORTANT,synthetic,
write lyrics that fit a three four waltz,IMPORTANT,synthetic,
my game runs in godot so the pseudocode should suit it,IMPORTANT,synthetic,
design a boss fight that teaches the player the dodge mechanic,IMPORTANT,synthetic,
the level has to be beatable without the double jump,IMPORTANT,synthetic,
explain the difference between ser and estar with examples,IMPORTANT,synthetic,
"I only know hiragana so far, no kanji",IMPORTANT,synthetic,
correct my german sentence and say which case I got wrong,IMPORTANT,synthetic,
give me a dialogue at a pharmacy in french at a2 level,IMPORTANT,synthetic,
the screenplay format should follow standard slug lines,IMPORTANT,synthetic,
make the villain monologue shorter and colder,IMPORTANT,synthetic,
our podcast episodes are exactly twenty two minutes,IMPORTANT,synthetic,
write a limerick about a broken printer,IMPORTANT,synthetic,
the art style is pixel art at 32 by 32,IMPORTANT,synthetic,
"no profanity, it is for a school magazine",IMPORTANT,synthetic,
critique my opening line and say why it does not land,IMPORTANT,synthetic,
"the story has to work as a standalone, no sequel hooks",IMPORTANT,synthetic,
suggest a magic system with a real cost to the user,IMPORTANT,synthetic,
translate this idiom without making it literal,IMPORTANT,synthetic,
the character speaks in short clipped sentences,IMPORTANT,synthetic,
outline a three act structure for a heist that fails,IMPORTANT,synthetic,
I have wanted to write a novel since I was fourteen,FILLER,synthetic,
my writing group meets on thursdays,FILLER,synthetic,
I am probably not talented enough for this,FILLER,synthetic,
the last thing I wrote was a school essay,FILLER,synthetic,
I read a lot but writing is different,FILLER,synthetic,
my laptop battery is at four percent,FILLER,synthetic,
"everyone says write what you know, which is unhelpful",FILLER,synthetic,
this idea came to me in a dream,FILLER,synthetic,
I have started and abandoned six drafts,FILLER,synthetic,
thanks for indulging me on this,FILLER,synthetic,
my partner thinks the plot is confusing,FILLER,synthetic,
I write best at night for some reason,FILLER,synthetic,
the rejection letters are piling up,FILLER,synthetic,
I bought a notebook I have never opened,FILLER,synthetic,
my favourite author does this so much better,FILLER,synthetic,
sorry if the excerpt is rough,FILLER,synthetic,
"I am doing nanowrimo this year, badly",FILLER,synthetic,
my friends keep asking when the book is done,FILLER,synthetic,
I have never studied creative writing formally,FILLER,synthetic,
this is the first time I am showing anyone,FILLER,synthetic,
my dog is asleep on my foot right now,FILLER,synthetic,
I am learning this language just for fun,FILLER,synthetic,
duolingo gave up on me weeks ago,FILLER,synthetic,
my accent is apparently terrible,FILLER,synthetic,
I have been playing games since I was six,FILLER,synthetic,
my game jam entry finished last,FILLER,synthetic,
I am not an artist at all,FILLER,synthetic,
we used to make maps in school notebooks,FILLER,synthetic,
"anyway enough rambling, here is the draft",FILLER,synthetic,
"thanks so much, genuinely",FILLER,synthetic,
that is all the setup I have,FILLER,synthetic,
ok done explaining myself,FILLER,synthetic,
write a written piece of writing that is written,REDUNDANT,synthetic,
creative and imaginative and inventive and original,REDUNDANT,synthetic,
a story that tells a narrative tale of a story,REDUNDANT,synthetic,
beautiful and lovely and gorgeous and stunning prose,REDUNDANT,synthetic,
I would love it if you could maybe try writing,REDUNDANT,synthetic,
emotionally emotional with lots of emotion and feeling,REDUNDANT,synthetic,
vivid and vividly descriptive with rich description,REDUNDANT,synthetic,
the ending at the end where it ends finally,REDUNDANT,synthetic,
a main central primary principal protagonist character,REDUNDANT,synthetic,
engaging and gripping and compelling and captivating,REDUNDANT,synthetic,
the plot of the storyline of the narrative arc,REDUNDANT,synthetic,
describe and depict and portray and illustrate,REDUNDANT,synthetic,
very deeply profoundly meaningful and significant,REDUNDANT,synthetic,
in a way that is in such a manner as to be,REDUNDANT,synthetic,
unique and distinctive and different and unusual,REDUNDANT,synthetic,
the beginning at the start where it begins first,REDUNDANT,synthetic,
atmospheric with a strong atmosphere and mood,REDUNDANT,synthetic,
I want you to write and compose and create,REDUNDANT,synthetic,
surprising and unexpected and shocking and twisty,REDUNDANT,synthetic,
a sense of feeling like an emotion of,REDUNDANT,synthetic,
realistic and believable and plausible and credible,REDUNDANT,synthetic,
show it by showing and demonstrating it visually,REDUNDANT,synthetic,
dark and grim and bleak and gloomy and sombre,REDUNDANT,synthetic,
the words and language and phrasing and wording,REDUNDANT,synthetic,
funny and humorous and comedic and amusing,REDUNDANT,synthetic,
build and construct and develop and establish a world,REDUNDANT,synthetic,
a twist that twists unexpectedly as a turn,REDUNDANT,synthetic,
memorable and unforgettable and sticks in the mind,REDUNDANT,synthetic,
I am hoping you might hopefully be able to help,REDUNDANT,synthetic,
tension and suspense and anticipation and dread,REDUNDANT,synthetic,
concisely in a concise brief and short manner,REDUNDANT,synthetic,
the theme thematically in terms of themes,REDUNDANT,synthetic,
"short story, keep the story short, short",REPETITIVE,synthetic,
"again, no supernatural elements",REPETITIVE,synthetic,It is a horror story with nothing supernatural in it.
as i said it is for children,REPETITIVE,synthetic,This is a picture book for young children.
"sad, make it sad, sadness throughout",REPETITIVE,synthetic,
restating that it is set in 1947,REPETITIVE,synthetic,The story is set in 1947.
"rhyme, it should rhyme, rhyming please",REPETITIVE,synthetic,
"one more time, no dialogue",REPETITIVE,synthetic,Write the whole scene without any dialogue.
"funny, be funny, humour please",REPETITIVE,synthetic,
i repeat the genre is sci fi,REPETITIVE,synthetic,The genre is science fiction.
"vivid, make it vivid, vividly described",REPETITIVE,synthetic,
mentioning again the hero is a woman,REPETITIVE,synthetic,The protagonist is a woman in her forties.
"dialogue, more dialogue, dialogue heavy",REPETITIVE,synthetic,
as noted it is first person,REPETITIVE,synthetic,The story is told in first person.
"dark, keep it dark, darker tone",REPETITIVE,synthetic,
saying again it is a game not a film,REPETITIVE,synthetic,"This is for a video game, not a film."
"spanish, in spanish, answer in spanish",REPETITIVE,synthetic,
"to repeat, beginner level only",REPETITIVE,synthetic,I am at complete beginner level in this language.
"simple sentences, keep sentences simple, simply",REPETITIVE,synthetic,
again there is no budget for voice acting,REPETITIVE,synthetic,We have no budget for voice acting.
"twist, add a twist, twist ending",REPETITIVE,synthetic,
i already said it is a comedy,REPETITIVE,synthetic,The tone is comedy throughout.
"poem, write a poem, in poem form",REPETITIVE,synthetic,
repeating that the deadline is sunday,REPETITIVE,synthetic,The competition closes on sunday.
"original, be original, originality matters",REPETITIVE,synthetic,
as stated it is pixel art,REPETITIVE,synthetic,The whole game uses pixel art.
"emotional, make me feel, emotionally moving",REPETITIVE,synthetic,
"once more, no profanity",REPETITIVE,synthetic,Keep it clean with no profanity.
"describe it, description please, describe more",REPETITIVE,synthetic,
again the word limit is a thousand,REPETITIVE,synthetic,There is a thousand word limit.
"slow burn, take it slow, slowly building",REPETITIVE,synthetic,
saying it again it is for a podcast,REPETITIVE,synthetic,This script is for a podcast episode.
"three endings, give me three, three options",REPETITIVE,synthetic,
plan a four day trip to hampi without a car,IMPORTANT,synthetic,
we are travelling with an infant so short travel days,IMPORTANT,synthetic,
my visa only allows a single entry,IMPORTANT,synthetic,
suggest a dinner for six that reheats well,IMPORTANT,synthetic,
I have twenty minutes and whatever is in the fridge,IMPORTANT,synthetic,
"substitute the butter, we do not eat dairy",IMPORTANT,synthetic,
how do I fix a tap that drips only when the heating is on,IMPORTANT,synthetic,
my emi is forty percent of my take home pay,IMPORTANT,synthetic,
explain the difference between an index fund and an etf,IMPORTANT,synthetic,
I am forty six and starting to save now,IMPORTANT,synthetic,
we have no emergency fund yet,IMPORTANT,synthetic,
what questions should I ask a doctor about this test result,IMPORTANT,synthetic,
I am on blood thinners so check interactions,IMPORTANT,synthetic,
explain what a normal range means on a blood report,IMPORTANT,synthetic,
my knee hurts going down stairs but not up,IMPORTANT,synthetic,
give me a beginner routine with no equipment,IMPORTANT,synthetic,
I have a desk job and sit for nine hours,IMPORTANT,synthetic,
how long does it take to get a passport renewed in india,IMPORTANT,synthetic,
write a complaint letter about a delayed refund,IMPORTANT,synthetic,
the landlord kept the deposit without giving reasons,IMPORTANT,synthetic,
explain how compound interest turns against you on a credit card,IMPORTANT,synthetic,
"I want to learn to swim at thirty five, where do I start",IMPORTANT,synthetic,
we are moving flats and have a dog,IMPORTANT,synthetic,
what should I check before buying a used scooter,IMPORTANT,synthetic,
my plant has yellow leaves only at the bottom,IMPORTANT,synthetic,
suggest gifts under five hundred rupees for a teenager,IMPORTANT,synthetic,
the wedding is outdoors in may in rajasthan,IMPORTANT,synthetic,
how do I read a nutrition label properly,IMPORTANT,synthetic,
I cannot drive so everything must be walkable or by bus,IMPORTANT,synthetic,
explain why my electricity bill doubled this month,IMPORTANT,synthetic,
make a packing list for a week of monsoon travel,IMPORTANT,synthetic,
I am lactose intolerant and my partner is coeliac,IMPORTANT,synthetic,
I always overthink these decisions,FILLER,synthetic,
my last holiday was three years ago,FILLER,synthetic,
I am not much of a cook honestly,FILLER,synthetic,
we argued about this all evening,FILLER,synthetic,
my mother would know this instantly,FILLER,synthetic,
money stresses me out a lot,FILLER,synthetic,
I am asking on behalf of my father,FILLER,synthetic,
we have been putting this off for months,FILLER,synthetic,
the shop assistant was no help at all,FILLER,synthetic,
I am terrible at planning anything,FILLER,synthetic,
"thanks, you always explain things nicely",FILLER,synthetic,
it is very hot here today,FILLER,synthetic,
my friends think I worry too much,FILLER,synthetic,
I saw an ad about this and got curious,FILLER,synthetic,
we just had a baby so life is chaos,FILLER,synthetic,
I hate going to the doctor,FILLER,synthetic,
my neighbour gave me conflicting advice,FILLER,synthetic,
I have been meaning to ask this for ages,FILLER,synthetic,
the traffic here is unbelievable,FILLER,synthetic,
I am writing this from the waiting room,FILLER,synthetic,
my cousin did something similar last year,FILLER,synthetic,
we are not very adventurous eaters,FILLER,synthetic,
I got scammed once so I am cautious,FILLER,synthetic,
my phone keeps buzzing with notifications,FILLER,synthetic,
sorry for asking something so ordinary,FILLER,synthetic,
I am usually the organised one,FILLER,synthetic,
the weather forecast keeps changing,FILLER,synthetic,
we have guests arriving and I am flustered,FILLER,synthetic,
I appreciate you reading all this,FILLER,synthetic,
my sister says I should just book it,FILLER,synthetic,
anyway that is my situation,FILLER,synthetic,
"thanks again, have a good one",FILLER,synthetic,
I would be ever so grateful if you might kindly,REDUNDANT,synthetic,
cheap and inexpensive and affordable and low priced,REDUNDANT,synthetic,
healthy and good for health and healthful and nutritious,REDUNDANT,synthetic,
quick and fast and rapid and speedy and swift,REDUNDANT,synthetic,
the plan that I am planning to plan out,REDUNDANT,synthetic,
safe and secure and protected and risk free,REDUNDANT,synthetic,
easy and simple and straightforward and uncomplicated,REDUNDANT,synthetic,
I need to buy and purchase and get and acquire,REDUNDANT,synthetic,
advice and guidance and suggestions and recommendations,REDUNDANT,synthetic,
comfortable and comfy and cosy and pleasant,REDUNDANT,synthetic,
the money and the funds and the cash and the amount,REDUNDANT,synthetic,
beautiful scenery of scenic beauty that is scenic,REDUNDANT,synthetic,
worth it and worthwhile and good value and worth doing,REDUNDANT,synthetic,
delicious and tasty and flavourful and yummy,REDUNDANT,synthetic,
I want to know what I should do about doing this,REDUNDANT,synthetic,
regularly on a regular basis with regularity often,REDUNDANT,synthetic,
a decision that needs deciding and to be decided,REDUNDANT,synthetic,
practical and useful and handy and functional,REDUNDANT,synthetic,
avoid and stay away from and steer clear of and skip,REDUNDANT,synthetic,
the situation that I find myself in currently now,REDUNDANT,synthetic,
warm and cosy and snug and toasty and heated,REDUNDANT,synthetic,
compare and contrast the differences and similarities,REDUNDANT,synthetic,
I am trying to try and attempt to figure out,REDUNDANT,synthetic,
reasonable and sensible and rational and logical,REDUNDANT,synthetic,
the options and choices and alternatives available,REDUNDANT,synthetic,
plenty of lots of many of a large number of,REDUNDANT,synthetic,
improve and better and enhance and upgrade it,REDUNDANT,synthetic,
honestly truthfully to be honest frankly speaking,REDUNDANT,synthetic,
a place to visit and go to and see and travel to,REDUNDANT,synthetic,
difficult and hard and tough and challenging,REDUNDANT,synthetic,
I am seeking to look for and find and search out,REDUNDANT,synthetic,
the best and top and finest and greatest option,REDUNDANT,synthetic,
"vegetarian food, veg only, vegetarian please",REPETITIVE,synthetic,
"again, no car available",REPETITIVE,synthetic,We will not have a car on this trip.
as i said the budget is tight,REPETITIVE,synthetic,Our budget for the whole trip is tight.
"cheap, keep it cheap, cheapest possible",REPETITIVE,synthetic,
restating that we have a toddler,REPETITIVE,synthetic,We are travelling with a two year old.
"quick recipe, something quick, quickly made",REPETITIVE,synthetic,
"one more time, no dairy",REPETITIVE,synthetic,We cannot eat anything with dairy in it.
"i repeat, four days only",REPETITIVE,synthetic,The trip is four days long.
"walkable, everything walkable, on foot",REPETITIVE,synthetic,
mentioning again that i have no oven at home,REPETITIVE,synthetic,There is no oven in my kitchen.
as noted i am on medication,REPETITIVE,synthetic,I take blood thinners daily.
saying again we are moving in march,REPETITIVE,synthetic,We move house in march.
"to repeat, no gym equipment",REPETITIVE,synthetic,I have no gym equipment at home.
"list, give me a list, in list form",REPETITIVE,synthetic,
again there is a dog coming with us,REPETITIVE,synthetic,Our dog is coming with us.
i already said i cannot drive,REPETITIVE,synthetic,I do not drive at all.
"steps, step by step, the steps",REPETITIVE,synthetic,
repeating that it is monsoon season,REPETITIVE,synthetic,We are travelling during monsoon season.
"warm clothes, pack warm, warmth",REPETITIVE,synthetic,
as stated the wedding is outdoors,REPETITIVE,synthetic,The wedding ceremony is outdoors.
"practical, be practical, practically useful",REPETITIVE,synthetic,
"once more, under five hundred rupees",REPETITIVE,synthetic,The gift should cost under five hundred rupees.
again i am forty six,REPETITIVE,synthetic,I am forty six years old.
"local food, eat local, local places",REPETITIVE,synthetic,
"clear, make it clear, clearly explained",REPETITIVE,synthetic,
